,Q_total,n_charges,dipole,dipole_length,max_torque
0,1,2,0.003546241772277213,0.003546241772277213,1.8304955321883618e-05
1,1,2,0.004318942061800413,0.004318942061800413,1.8478465460370346e-05
